{"cameraMode":{"drawMode":0,"name":"Shaded","section":"Shading Mode"},"sceneLighting":true,"audioPlay":false,"sceneViewState":{"showFog":true,"showMaterialUpdate":false,"showSkybox":true,"showFlares":true,"showImageEffects":true,"showParticleSystems":true},"in2DMode":false,"pivot":{"x":14.008798599243164,"y":-11.258461952209473,"z":-44.31549835205078},"rotation":{"x":0.005108681507408619,"y":0.9946707487106323,"z":-0.08255744725465775,"w":0.06154962629079819},"size":105.42604064941406,"orthographic":false}